y,x,IG,I_local,R_local,score_IG,score_IG_I,score_IG_I_R
2,17,0.56,0.40685766233766224,0.1885714285801633,0.56,0.23451387012987024,-0.17120041558004812
2,26,0.5359999999999999,0.26769646369935535,0.11428571429836738,0.5359999999999999,0.32184282904051564,-0.12101431381030064
2,27,0.56,0.2686729950276761,0.10000000001285717,0.56,0.3450616039778591,-0.10493839601571231
3,16,0.44,0.5340424467532467,0.15428571429208163,0.44,0.012766042597402605,-0.4100911002565566
3,18,0.44,0.2574739310093415,0.2428571428679592,0.44,0.23402085519252677,-0.1445505733734936
3,20,0.488,0.2603037738853061,0.21428571429693882,0.488,0.27975698089175505,-0.11310016195977557
3,21,0.512,0.2617300613311936,0.2000000000114286,0.512,0.3026159509350451,-0.09738404905924058
3,25,0.44,0.2586956784556136,0.14285714286938778,0.44,0.23304345723550912,-0.195527971329797
3,28,0.536,0.2658178837910866,0.10000000001285717,0.536,0.3233456929671307,-0.1266543070264407
4,12,0.56,0.4027373151059466,0.6228571428596734,0.56,0.23781014791524274,0.04923871934507945
4,13,0.46399999999999997,0.5376506484392799,0.462857142859102,0.46399999999999997,0.03387948124857604,-0.23469194732187298
4,19,0.32,0.253479170008024,0.2428571428679592,0.32,0.1172166639935808,-0.26135476457243956
4,22,0.39199999999999996,0.254610709223652,0.2000000000114286,0.39199999999999996,0.18831143262107836,-0.21168856737320735
4,23,0.392,0.2543966284684042,0.18571428572591842,0.392,0.18848269722527664,-0.21866015991176416
4,24,0.368,0.2539471504953968,0.1714285714404082,0.368,0.16484227960368256,-0.24944343467611332
4,28,0.4640000000000001,0.2616261316835451,0.11428571429836738,0.4640000000000001,0.254699094653164,-0.1881580481976523
5,5,0.5359999999999999,0.26514493333333333,0.857142857144898,0.5359999999999999,0.32388405333333325,0.25245548190578226
5,6,0.4639999999999999,0.2614589043478261,0.8428571428593878,0.4639999999999999,0.254832876521739,0.17626144795143295
5,7,0.46399999999999997,0.2608516947730871,0.8285714285738776,0.46399999999999997,0.2553186441815303,0.16960435846846905
5,8,0.512,0.26073999780339013,0.8142857142883674,0.512,0.3034080017572879,0.21055085890147157
5,12,0.4640000000000001,0.3961137306903622,0.6114285714312654,0.4640000000000001,0.14710901544771027,-0.04717669883665704
5,28,0.4640000000000001,0.260896013017897,0.1285714285838776,0.4640000000000001,0.25528318958568247,-0.18043109612237873
6,4,0.5359999999999999,0.264314283982684,0.857142857144898,0.5359999999999999,0.32454857281385274,0.25312000138630175
6,9,0.4159999999999999,0.2544215028387057,0.785714285717347,0.4159999999999999,0.21246279772903537,0.10531994058770888
6,11,0.368,0.2540103687346709,0.7571428571463267,0.368,0.16479170501226326,0.043363133585426594
6,24,0.29600000000000004,0.2520593352353215,0.2000000000114286,0.29600000000000004,0.09435253181174286,-0.30564746818254285
6,28,0.48800000000000004,0.26300762086103424,0.14285714286938778,0.48800000000000004,0.2775939033111726,-0.1509775252541335
7,4,0.46399999999999997,0.25891024715403943,0.8428571428593878,0.46399999999999997,0.2568718022767684,0.17830037370646235
7,10,0.29600000000000004,0.2520458477008611,0.7571428571463267,0.29600000000000004,0.09436332183931118,-0.027065249587525486
7,13,0.32000000000000006,0.531165945408977,0.4371428571451837,0.32000000000000006,-0.10493275632718158,-0.38636132775458976
7,19,0.3680000000000001,0.2541615560533512,0.2857142857244898,0.3680000000000001,0.1646707551573191,-0.19247210198043596
7,20,0.4160000000000001,0.2546906305631551,0.27142857143897964,0.4160000000000001,0.212247495549476,-0.15203821873103415
7,21,0.44000000000000006,0.25475006086618546,0.2571428571534694,0.44000000000000006,0.23619995130705168,-0.13522862011621362
7,22,0.44,0.25435468606414896,0.2428571428679592,0.44,0.23651625114868083,-0.14205517741733956
7,23,0.392,0.25354740157764794,0.22857142858244903,0.392,0.18916207873788166,-0.19655220697089382
7,25,0.32000000000000006,0.25243837063129804,0.2000000000114286,0.32000000000000006,0.11804930349496162,-0.2819506964993241
7,27,0.4160000000000001,0.2573444027168596,0.1714285714404082,0.4160000000000001,0.2101244778265124,-0.2041612364532835
8,4,0.392,0.25568215018434254,0.8285714285738776,0.392,0.18745427985252597,0.10173999413946475
8,13,0.3440000000000001,0.530927410070631,0.4285714285738776,0.3440000000000001,-0.08074192805650476,-0.366456213769566
8,18,0.44000000000000006,0.25975288027695376,0.3142857142955102,0.44000000000000006,0.23219769577843705,-0.11065944707380784
8,25,0.36800000000000005,0.2532768207591753,0.21428571429693882,0.36800000000000005,0.1653785433926598,-0.2274785994588708
8,27,0.4640000000000001,0.26096012557200954,0.18571428572591842,0.4640000000000001,0.25523189954239245,-0.15191095759464834
9,3,0.41600000000000004,0.25846691809878103,0.8285714285738776,0.41600000000000004,0.2092264655209752,0.12351217980791399
9,5,0.272,0.2515048532146455,0.8000000000028571,0.272,0.07079611742828362,-0.02920388257028783
9,13,0.392,0.5312089316017315,0.4200000000025714,0.392,-0.032967145281385224,-0.3229671452800995
9,16,0.56,0.5391423834988541,0.20571428571991837,0.56,0.12868609320091673,-0.2684567639391241
9,17,0.536,0.4040898521705332,0.26857142857902044,0.536,0.2127281182635734,-0.1529861674469164
9,24,0.41600000000000004,0.2547959896800826,0.2428571428679592,0.41600000000000004,0.21216320825593393,-0.16640822031008645
9,26,0.44000000000000006,0.25644717837374187,0.21428571429693882,0.44000000000000006,0.23484225730100655,-0.15801488555052406
10,1,0.4999999999999999,0.2605087145001541,0.8357142857166325,0.4999999999999999,0.29159302839987655,0.20945017125819282
10,2,0.46399999999999997,0.2586492746304263,0.8285714285738776,0.46399999999999997,0.25708058029565894,0.17136629458259772
10,4,0.29600000000000004,0.25198806642413984,0.8000000000028571,0.29600000000000004,0.09440954686068814,-0.005590453137883311
10,13,0.44,0.5319454857142857,0.4114285714312653,0.44,0.014443611428571423,-0.2798421028557959
10,24,0.44000000000000006,0.25539851170707517,0.2571428571534694,0.44000000000000006,0.2356811906343399,-0.1357473807889254
10,26,0.4640000000000001,0.25888746408802754,0.22857142858244903,0.4640000000000001,0.256890028729578,-0.12882425697919747
11,1,0.43999999999999995,0.2572723687444605,0.8214285714311224,0.43999999999999995,0.2341821050044315,0.1448963907199927
11,13,0.536,0.5335307428571429,0.4028571428599592,0.536,0.10917540571428574,-0.18939602285573465
11,23,0.488,0.25967353043035396,0.2857142857244898,0.488,0.28026117565571684,-0.07688168148203822
11,26,0.48800000000000004,0.26260076852559205,0.2428571428679592,0.48800000000000004,0.2779193851795264,-0.10065204338649397
12,1,0.41,0.25649656469556825,0.8071428571456123,0.41,0.20480274824354536,0.1083741768163515
12,9,0.3680000000000001,0.25427760280659795,0.7000000000042857,0.3680000000000001,0.16457791775472175,0.014577917756864622
12,10,0.4160000000000001,0.2563766984587719,0.6857142857187755,0.4160000000000001,0.21089864123298255,0.05375578409237028
12,11,0.4640000000000001,0.259415830111433,0.6714285714332654,0.4640000000000001,0.2564673359108537,0.09218162162748639
12,12,0.536,0.39863705709192765,0.5314285714324082,0.536,0.2170903543264579,-0.017195359957338008
12,23,0.4640000000000001,0.2591721018589254,0.30000000001000005,0.4640000000000001,0.2566623185128597,-0.09333768148214028
12,25,0.44000000000000006,0.2583058161446397,0.27142857143897964,0.44000000000000006,0.2333553470842883,-0.13093036719622186
13,2,0.392,0.2561216554930688,0.785714285717347,0.392,0.18710267560554494,0.07995981846421846
13,8,0.4160000000000001,0.25800899454938203,0.7000000000042857,0.4160000000000001,0.20959280436049446,0.059592804362637336
13,23,0.44000000000000006,0.2571839460147695,0.3142857142955102,0.44000000000000006,0.23425284318818443,-0.10860429966406046
13,25,0.4640000000000001,0.26155581614463963,0.2857142857244898,0.4640000000000001,0.2547553470842884,-0.10238751005346669
14,2,0.44,0.2579496269725698,0.7714285714318369,0.44,0.23364029842194417,0.1193545841378626
14,7,0.44000000000000006,0.2590018823196098,0.7000000000042857,0.44000000000000006,0.2327984941443122,0.08279849414645507
14,22,0.46399999999999997,0.2615558161446397,0.34285714286653063,0.46399999999999997,0.2547553470842882,-0.0738160814824465
14,24,0.44000000000000006,0.25718394601476957,0.3142857142955102,0.44000000000000006,0.2342528431881844,-0.10860429966406049
15,2,0.488,0.26162787258660486,0.7571428571463267,0.488,0.2786977019307161,0.15726913050387942
15,6,0.4160000000000001,0.25853771709231227,0.7000000000042857,0.4160000000000001,0.20916982632615028,0.05916982632829315
15,22,0.44000000000000006,0.25830581614463966,0.35714285715204086,0.44000000000000006,0.23335534708428832,-0.08807322433969125
15,24,0.4640000000000001,0.2591721018589254,0.32857142858102045,0.4640000000000001,0.2566623185128597,-0.0790519671966301
16,3,0.392,0.25737591268685545,0.728571428575306,0.392,0.18609926985051564,0.05038498413816864
16,5,0.36800000000000005,0.2567476987831122,0.7000000000042857,0.36800000000000005,0.16260184097351027,0.012601840975653145
16,21,0.488,0.26267010185892536,0.38571428572306127,0.488,0.2778639185128597,-0.029278938625609652
16,24,0.48800000000000004,0.2626701018589254,0.34285714286653063,0.48800000000000004,0.2778639185128597,-0.05070751005387503
17,3,0.48800000000000004,0.2615924784688995,0.7142857142897959,0.48800000000000004,0.27872601722488044,0.1358688743697784
17,5,0.48800000000000004,0.26121953729242897,0.6857142857187755,0.48800000000000004,0.27902437016605686,0.12188151302544459
17,21,0.4640000000000001,0.2591721018589254,0.40000000000857144,0.4640000000000001,0.2566623185128597,-0.04333768148285455
17,23,0.44000000000000006,0.2583058161446397,0.3714285714375511,0.44000000000000006,0.2333553470842883,-0.08093036719693614
18,3,0.5840000000000001,0.2694242305764411,0.7000000000042857,0.5840000000000001,0.3684606155388472,0.21846061554099006
18,4,0.5840000000000001,0.266133373433584,0.6857142857187755,0.5840000000000001,0.3710933012531329,0.21395044411252062
18,5,0.5840000000000001,0.2693032781954887,0.6714285714332654,0.5840000000000001,0.36855737744360906,0.20427166316024176
18,21,0.44000000000000006,0.2571839460147695,0.4085714285798776,0.44000000000000006,0.23425284318818443,-0.06146144252187677
18,23,0.4640000000000001,0.26155581614463963,0.3800000000088572,0.4640000000000001,0.2547553470842884,-0.055244652911283
19,20,0.46399999999999997,0.2614853175451999,0.4257142857224898,0.46399999999999997,0.25481174596384004,-0.03233111117491505
19,22,0.44000000000000006,0.2567321140819964,0.3971428571514694,0.44000000000000006,0.23461430873440292,-0.06681426268986235
20,20,0.44000000000000006,0.25815403361344536,0.4228571428653878,0.44000000000000006,0.23347677310924375,-0.05509465545806236
20,22,0.4640000000000001,0.2578641634835752,0.39428571429436743,0.4640000000000001,0.2577086692131399,-0.04514847363967639
21,19,0.488,0.26305137533673756,0.4285714285795919,0.488,0.27755889973060993,-0.008155385979594143
21,22,0.4640000000000001,0.25894299438435664,0.38571428572306127,0.4640000000000001,0.25684560449251476,-0.05029725264595458
22,19,0.46399999999999997,0.2596952249607977,0.41428571429408173,0.46399999999999997,0.2562438200313618,-0.03661332282159735
22,21,0.392,0.25502017734175003,0.38571428572306127,0.392,0.18798385812659998,-0.11915899901186935
23,19,0.44,0.2576490405961428,0.4000000000085715,0.44,0.23388076752308576,-0.06611923247262849
23,22,0.48800000000000004,0.2599527090453406,0.35714285715204086,0.48800000000000004,0.2800378327637275,-0.04139073866025206
24,19,0.41600000000000004,0.2563074326632671,0.38571428572306127,0.41600000000000004,0.21095405386938634,-0.096188803269083
24,21,0.36800000000000005,0.254514826602661,0.35714285715204086,0.36800000000000005,0.16438813871787122,-0.15704043270610835
25,19,0.392,0.2553507108587558,0.37142857143755104,0.392,0.18771943131299534,-0.12656628296822914
25,22,0.4640000000000001,0.259004714691868,0.32857142858102045,0.4640000000000001,0.2567962282465057,-0.07891805746298408
26,18,0.488,0.26305450078812465,0.37142857143755104,0.488,0.2775563993695003,-0.03672931491172421
26,22,0.4640000000000001,0.2582032405519728,0.3142857142955102,0.4640000000000001,0.2574374075584218,-0.08541973529382307
27,18,0.488,0.2618019844076595,0.35714285715204086,0.488,0.27855841247387236,-0.04287015895010721
27,22,0.44000000000000006,0.25719719998671403,0.30000000001000005,0.44000000000000006,0.23424224001062882,-0.11575775998437116
28,18,0.488,0.2630138051359508,0.3428571428665307,0.488,0.27758895589123933,-0.05098247267549533
28,22,0.44000000000000006,0.25633597300621935,0.2857142857244898,0.44000000000000006,0.23493122159502455,-0.12221163554273051
29,19,0.392,0.254866382300788,0.3142857142955102,0.392,0.1881068941593696,-0.1547502486928753
29,22,0.4160000000000001,0.2551525067027019,0.27142857143897964,0.4160000000000001,0.21187799463783857,-0.15240771964267158
30,19,0.41600000000000004,0.25483014379147123,0.30000000001000005,0.41600000000000004,0.21213588496682304,-0.13786411502817694
30,22,0.368,0.2540693586374678,0.2571428571534694,0.368,0.16474451309002572,-0.20668405833323958
31,19,0.41600000000000004,0.25455994784706476,0.2857142857244898,0.41600000000000004,0.21235204172234823,-0.14479081541540684
31,23,0.4159999999999999,0.25783310883509636,0.22857142858244903,0.4159999999999999,0.20973351293192283,-0.17598077277685265
32,19,0.368,0.25398591148342836,0.27142857143897964,0.368,0.1648112708132573,-0.19947444346725285
32,24,0.4159999999999999,0.2589329244704414,0.20000000001142862,0.4159999999999999,0.20885366042364678,-0.19114633957063892
33,18,0.44,0.25920378772483404,0.27142857143897964,0.44,0.23263696982013277,-0.1316487444603774
33,25,0.44,0.2589375323523876,0.1714285714404082,0.44,0.23284997411808991,-0.18143574016170597
33,26,0.56,0.2673575691810321,0.15714285715489798,0.56,0.34611394465517437,-0.07531462676737666
34,17,0.512,0.3962828533983179,0.2114285714369796,0.512,0.19497371728134566,-0.19931199700016455
34,26,0.512,0.26430996133789486,0.14285714286938778,0.512,0.3005520309296841,-0.12801939763562203
35,17,0.512,0.39608837173962574,0.20000000000857146,0.512,0.19512930260829942,-0.20487069738741487
35,26,0.536,0.2662482358476988,0.1285714285838776,0.536,0.323001411321841,-0.11271287438622019
36,17,0.56,0.3981867180599721,0.1885714285801633,0.56,0.24145062555202235,-0.164263660157896
36,19,0.36800000000000005,0.2558261847266387,0.2142857142969388,0.36800000000000005,0.16333905221868908,-0.22951809063284154
36,24,0.4160000000000001,0.2581004889349624,0.14285714286938778,0.4160000000000001,0.20951960885203016,-0.21905181971327595
36,25,0.512,0.26353888893496236,0.1285714285838776,0.512,0.3011688888520301,-0.13454539685603112
37,18,0.56,0.2678383470454793,0.2142857142969388,0.56,0.3457293223636166,-0.04712782048791403
37,20,0.4640000000000001,0.26014894098487323,0.18571428572591842,0.4640000000000001,0.25588084721210147,-0.15126200992493932
37,21,0.4640000000000001,0.2591350416911845,0.1714285714404082,0.4640000000000001,0.25669196664705246,-0.15759374763274342
37,22,0.4640000000000001,0.2599783924302736,0.15714285715489798,0.4640000000000001,0.2560172860557812,-0.1654112853667698
37,23,0.48800000000000004,0.2630371845871363,0.14285714286938778,0.48800000000000004,0.277570252330291,-0.15100117623501513
